中文名稱,英文名稱,近臺強度,最低氣壓(hPa),近臺,最大風速(m/s),7級風暴風半徑(km),10級風暴風半徑(km),發布警報時間,解除警報時間
山竹,MANGKHUT,強烈,895,60,320,120,12,2018-09-14 11:30,2018-09-15 20:30
瑪莉亞,MARIA,強烈,915,55,280,100,17,2018-07-09 14:30,2018-07-11 14:30
泰利,TALIM,中度,935,48,250,80,19,2017-09-12 14:30,2017-09-14 20:30
谷超,GUCHOL,輕度,998,18,80,---,7,2017-09-06 10:30,2017-09-07 02:30
天鴿,HATO,中度,965,33,180,50,15,2017-08-20 23:30,2017-08-22 17:30
海棠,HAITANG,輕度,990,20,100,---,14,2017-07-29 17:30,2017-07-31 08:30
尼莎,NESAT,中度,955,40,180,60,19,2017-07-28 08:30,2017-07-30 14:30
艾利,AERE,輕度,998,18,120,---,10,2016-10-05 11:30,2016-10-06 14:30
梅姬,MEGI,中度,940,45,250,100,23,2016-09-25 23:30,2016-09-28 17:30
馬勒卡,MALAKAS,中度,940,45,180,60,20,2016-09-15 23:30,2016-09-18 08:30
莫蘭蒂,MERANTI,強烈,900,60,220,80,21,2016-09-12 23:30,2016-09-15 11:30
尼伯特,NEPARTAK,強烈,905,58,200,80,25,2016-07-06 14:30,2016-07-09 14:30
杜鵑,DUJUAN,強烈,925,51,220,80,20,2015-09-27 08:30,2015-09-29 17:30
天鵝,GONI,強烈,925,51,200,80,26,2015-08-20 17:30,2015-08-23 20:30
蘇迪勒,SOUDELOR,中度,930,48,300,100,24,2015-08-06 11:30,2015-08-09 08:30
蓮花,LINFA,輕度,975,30,120,30,24,2015-07-06 08:30,2015-07-09 05:30
昌鴻,CHAN-HOM,中度,935,48,280,100,19,2015-07-09 05:30,2015-07-11 11:30
紅霞,NOUL,強烈,925,51,200,80,13,2015-05-10 08:30,2015-05-11 20:30
鳳凰,FUNG-WONG,輕度,985,25,150,---,25,2014-09-19 08:30,2014-09-22 08:30
麥德姆,MATMO,中度,960,38,200,80,19,2014-07-21 17:30,2014-07-23 23:30
哈吉貝,HAGIBIS,輕度,992,20,100,---,7,2014-06-14 23:30,2014-06-15 17:30
菲特,FITOW,中度,960,38,250,80,20,2013-10-04 23:30,2013-10-07 08:30
天兔,USAGI,強烈,910,55,280,120,22,2013-09-19 23:30,2013-09-22 14:30
康芮,KONG-REY,輕度,985,25,120,---,20,2013-08-27 11:30,2013-08-29 20:30
潭美,TRAMI,輕度,970,30,180,50,16,2013-08-20 11:30,2013-08-22 08:30
西馬隆,CIMARON,輕度,998,18,100,---,10,2013-07-17 10:30,2013-07-18 11:30
蘇力,SOULIK,強烈,925,51,280,100,22,2013-07-11 08:30,2013-07-13 23:30
杰拉華,JELAWAT,強烈,910,55,250,100,15,2012-09-27 02:30,2012-09-28 20:30
天秤,TEMBIN,中度,945,45,180,50,33,2012-08-21 14:30,2012-08-25 14:30
天秤,TEMBIN,中度,945,35,180,50,21,2012-08-26 11:30,2012-08-28 23:30
啟德,KAI-TAK,輕度,995,20,150,---,10,2012-08-14 14:30,2012-08-15 17:30
海葵,HAIKUI,中度,960,35,180,50,11,2012-08-06 11:30,2012-08-07 17:30
蘇拉,SAOLA,中度,960,38,220,80,31,2012-07-30 20:30,2012-08-03 14:30
杜蘇芮,DOKSURI,輕度,995,23,120,---,10,2012-06-28 05:30,2012-06-29 08:30
泰利,TALIM,輕度,985,25,150,---,17,2012-06-19 05:30,2012-06-21 05:30
南瑪都,NANMADOL,強烈,920,53,180,50,34,2011-08-27 05:30,2011-08-31 08:30
梅花,MUIFA,中度,928,43,280,100,15,2011-08-04 17:30,2011-08-06 11:30
米雷,MEARI,輕度,982,28,200,---,14,2011-06-23 23:30,2011-06-25 14:30
桑達,SONGDA,強烈,920,55,200,100,13,2011-05-27 02:30,2011-05-28 14:30
艾利,AERE,輕度,990,23,150,---,13,2011-05-09 05:30,2011-05-10 17:30
梅姬,MEGI,中度,935,48,250,100,24,2010-10-21 02:30,2010-10-23 23:30
凡那比,FANAPI,中度,940,45,200,80,22,2010-09-17 23:30,2010-09-20 14:30
莫蘭蒂,MERANTI,輕度,990,23,100,---,10,2010-09-09 10:00,2010-09-10 11:30
南修,NAMTHEUN,輕度,995,18,80,---,9,2010-08-30 22:30,2010-08-31 20:30
萊羅克,LIONROCK,輕度,990,23,100,---,15,2010-08-31 20:30,2010-09-02 14:30
芭瑪,PARMA,中度,920,43,250,80,29,2009-10-03 05:30,2009-10-06 17:30
莫拉克,MORAKOT,中度,955,40,250,100,36,2009-08-05 20:30,2009-08-10 05:30
莫拉菲,MOLAVE,輕度,978,28,100,---,13,2009-07-16 22:00,2009-07-18 08:30
蓮花,LINFA,輕度,980,28,150,---,21,2009-06-19 20:30,2009-06-22 08:30
薔蜜,JANGMI,強烈,925,53,280,100,25,2008-09-26 23:30,2008-09-29 23:30
哈格比,HAGUPIT,中度,940,45,280,100,15,2008-09-21 14:30,2008-09-23 08:30
辛樂克,SINLAKU,強烈,925,51,250,100,43,2008-09-11 08:30,2008-09-16 14:30
如麗,NURI,中度,955,40,220,80,16,2008-08-19 11:30,2008-08-21 08:30
鳳凰,FUNG-WONG,中度,948,43,220,80,25,2008-07-26 11:30,2008-07-29 11:30
卡玫基,KALMAEGI,中度,970,33,120,50,20,2008-07-16 14:30,2008-07-18 23:30
米塔,MITAG,中度,955,35,200,80,11,2007-11-26 05:30,2007-11-27 11:30
柯羅莎,KROSA,強烈,925,51,300,120,27,2007-10-04 17:30,2007-10-07 23:30
韋帕,WIPHA,中度,935,48,200,80,18,2007-09-17 05:30,2007-09-19 08:30
聖帕,SEPAT,強烈,920,53,250,100,27,2007-08-16 08:30,2007-08-19 14:30
梧提,WUTIP,輕度,992,18,100,---,9,2007-08-08 11:30,2007-08-09 11:30
帕布,PABUK,輕度,980,28,150,---,14,2007-08-06 23:30,2007-08-08 14:30
珊珊,SHANSHAN,中度,945,48,200,80,17,2006-09-14 14:30,2006-09-16 14:30
寶發,BOPHA,輕度,985,23,120,---,15,2006-08-07 20:30,2006-08-09 14:30
桑美,SAOMAI,中度,935,48,180,80,16,2006-08-09 02:30,2006-08-10 23:30
凱米,KAEMI,中度,960,38,200,80,21,2006-07-23 14:30,2006-07-26 02:30
碧利斯,BILIS,輕度,978,25,300,---,25,2006-07-12 02:30,2006-07-15 02:30
艾維尼,EWINIAR,中度,925,43,300,80,11,2006-07-07 23:30,2006-07-09 05:30
珍珠,CHANCHU,中度,943,45,300,100,17,2006-05-16 17:30,2006-05-18 17:30
龍王,LONGWANG,強烈,925,51,200,80,21,2005-09-30 20:30,2005-10-03 08:30
丹瑞,DAMREY,輕度,955,25,200,---,17,2005-09-21 10:30,2005-09-23 08:30
卡努,KHANUN,中度,950,43,200,80,16,2005-09-09 17:30,2005-09-11 14:30
泰利,TALIM,強烈,920,53,250,100,22,2005-08-30 08:30,2005-09-01 23:30
珊瑚,SANVU,輕度,985,25,200,---,19,2005-08-11 16:00,2005-08-13 20:30
馬莎,MATSA,中度,955,40,250,80,25,2005-08-03 08:30,2005-08-06 08:30
海棠,HAITANG,強烈,912,55,280,120,29,2005-07-16 14:30,2005-07-20 02:30
南瑪都,NANMADOL,中度,940,38,250,80,13,2004-12-03 02:30,2004-12-04 14:30
納坦,NOCK-TEN,中度,945,43,250,100,19,2004-10-23 20:30,2004-10-26 02:30
米雷,MEARI,中度,940,40,200,80,11,2004-09-26 08:30,2004-09-27 14:30
海馬,HAIMA,輕度,998,18,100,---,12,2004-09-11 23:30,2004-09-13 08:30
艾利,AERE,中度,960,38,200,50,28,2004-08-23 02:30,2004-08-26 11:30
蘭寧,RANANIM,中度,955,40,250,100,18,2004-08-10 23:30,2004-08-13 02:30
康柏斯,KOMPASU,輕度,995,20,100,---,10,2004-07-14 09:30,2004-07-15 11:30
敏督利,MINDULLE,中度,942,45,250,100,39,2004-06-28 17:30,2004-07-03 11:30
康森,CONSON,中度,970,33,150,50,19,2004-06-07 17:30,2004-06-09 23:30
米勒,MELOR,輕度,975,25,150,---,15,2003-11-02 05:30,2003-11-03 23:30
杜鵑,DUJUAN,中度,950,43,250,100,19,2003-08-31 12:30,2003-09-02 17:30
科羅旺,KROVANH,中度,970,33,250,100,11,2003-08-22 08:30,2003-08-23 14:30
梵高,VAMCO,輕度,998,18,100,---,9,2003-08-19 12:30,2003-08-20 11:30
莫拉克,MORAKOT,輕度,990,23,100,---,19,2003-08-02 17:30,2003-08-04 23:30
尹布都,IMBUDO,中度,935,48,300,120,15,2003-07-21 20:30,2003-07-23 14:30
蘇迪勒,SOUDELOR,中度,960,38,200,50,18,2003-06-16 15:30,2003-06-18 17:30
南卡,NANGKA,輕度,990,23,100,---,11,2003-06-01 20:30,2003-06-03 02:30
柯吉拉,KUJIRA,中度,925,43,250,100,30,2003-04-21 05:30,2003-04-24 20:30
辛樂克,SINLAKU,中度,950,40,300,100,33,2002-09-04 05:15,2002-09-08 05:50
娜克莉,NAKRI,輕度,987,18,80,---,15,2002-07-09 05:50,2002-07-10 23:05
雷馬遜,RAMMASUN,中度,950,45,300,100,18,2002-07-02 14:45,2002-07-04 17:25
海燕,HAIYAN,中度,965,35,250,100,14,2001-10-15 08:15,2001-10-16 23:15
利奇馬,LEKIMA,中度,965,35,180,50,37,2001-09-23 20:30,2001-09-28 09:10
納莉,NARI,中度,960,40,150,50,12,2001-09-08 23:50,2001-09-10 09:00
納莉,NARI,中度,960,40,150,50,52,2001-09-13 15:00,2001-09-19 23:05
桃芝,TORAJI,中度,962,38,250,100,28,2001-07-28 05:25,2001-07-31 14:35
玉兔,YUTU,輕度,962,30,150,---,8,2001-07-23 20:10,2001-07-24 17:20
潭美,TRAMI,輕度,995,20,80,---,13,2001-07-10 09:40,2001-07-11 21:00
尤特,UTOR,中度,960,38,350,120,20,2001-07-03 14:45,2001-07-05 23:10
奇比,CHEBI,中度,965,35,200,80,19,2001-06-22 03:00,2001-06-24 08:20
西馬隆,CIMARON,輕度,990,23,150,---,20,2001-05-11 11:15,2001-05-13 20:05
貝碧佳,BEBINCA,輕度,970,28,200,---,9,2000-11-06 10:15,2000-11-07 08:55
象神,XANGSANE,中度,960,38,250,100,17,2000-10-30 20:15,2000-11-01 20:05
雅吉,YAGI,中度,970,33,180,50,21,2000-10-23 20:20,2000-10-26 08:50
寶發,BOPHA,輕度,990,23,180,---,17,2000-09-08 15:15,2000-09-10 15:00
巴比侖,PRAPIROON,中度,965,33,250,---,23,2000-08-27 20:45,2000-08-30 14:20
碧利斯,BILIS,強烈,930,53,300,120,21,2000-08-21 08:25,2000-08-23 20:05
啟德,KAI-TAK,中度,965,35,150,50,30,2000-07-06 11:43,2000-07-10 03:00
丹恩,DAN,中度,968,38,250,80,43,1999-10-04 14:15,1999-10-09 20:10
山姆,SAM,輕度,970,30,200,---,18,1999-08-19 20:15,1999-08-21 23:26
瑪姬,MAGGIE,中度,965,38,250,100,20,1999-06-04 14:30,1999-06-06 22:24
芭比絲,BABS,中度,950,35,250,100,18,1998-10-25 20:40,1998-10-27 23:05
瑞伯,ZEB,強烈,920,55,350,150,30,1998-10-13 14:20,1998-10-17 06:45
楊妮,YANNI,輕度,975,25,100,---,14,1998-09-27 23:30,1998-09-29 14:45
奧托,OTTO,輕度,985,30,150,---,17,1998-08-03 09:45,1998-08-05 09:00
妮蔻兒,NICHOLE,輕度,998,18,100,---,10,1998-07-09 05:55,1998-07-10 09:45
艾文,IVAN,強烈,905,55,250,100,16,1997-10-19 20:25,1997-10-21 17:10
卡絲,CASS,輕度,995,20,100,---,8,1997-08-29 23:40,1997-08-30 20:20
安珀,AMBER,中度,945,48,250,100,23,1997-08-27 08:35,1997-08-30 02:35
溫妮,WINNIE,中度,905,43,300,100,21,1997-08-16 14:35,1997-08-19 03:00
薩恩,ZANE,中度,955,43,200,80,11,1996-09-27 14:55,1996-09-28 20:25
魏萊特,VIOLET,強烈,940,51,300,120,9,1996-09-15 20:30,1996-09-16 21:00
莎莉,SALLY,中度,950,48,250,80,12,1996-09-07 09:00,1996-09-08 17:45
麗莎,LISA,輕度,993,20,100,---,6,1996-08-06 16:40,1996-08-07 05:40
賀伯,HERB,強烈,920,53,350,150,29,1996-07-29 11:30,1996-08-01 23:20
葛樂禮,GLORIA,中度,965,35,250,80,26,1996-07-24 11:45,1996-07-27 15:30
凱姆,CAM,輕度,995,20,150,---,24,1996-05-20 21:35,1996-05-23 18:00
賴恩,RYAN,中度,955,45,300,100,23,1995-09-20 17:05,1995-09-23 12:15
肯特,KENT,中度,955,45,200,100,32,1995-08-27 17:10,1995-08-31 14:45
珍妮絲,JANIS,輕度,990,23,120,---,10,1995-08-23 17:55,1995-08-24 21:25
海倫,HELEN,輕度,980,23,120,---,15,1995-08-09 11:50,1995-08-11 06:15
蓋瑞,GARY,輕度,980,28,150,---,7,1995-07-31 03:55,1995-07-31 20:45
荻安娜,DEANNA,輕度,995,20,120,---,33,1995-06-04 16:30,1995-06-08 14:50
席斯,SETH,強烈,925,51,350,150,30,1994-10-07 14:45,1994-10-11 05:40
葛拉絲,GLADYS,中度,970,35,200,100,18,1994-08-31 02:35,1994-09-02 02:30
弗雷特,FRED,強烈,935,55,350,150,26,1994-08-19 02:35,1994-08-22 05:50
道格,DOUG,強烈,930,58,350,150,24,1994-08-06 09:10,1994-08-09 06:15
凱特琳,CAITLIN,輕度,987,25,120,---,12,1994-08-03 06:15,1994-08-04 14:30
提姆,TIM,強烈,945,53,250,120,10,1994-07-09 10:20,1994-07-11 15:40
亞伯,ABE,中度,950,43,150,50,15,1993-09-10 21:30,1993-09-14 09:10
楊希,YANCY,強烈,935,51,250,120,8,1993-08-31 21:30,1993-09-02 16:00
塔莎,TASHA,輕度,975,25,200,---,8,1993-08-17 16:10,1993-08-19 09:40
泰德,TED,輕度,985,30,200,50,14,1992-09-20 10:15,1992-09-23 14:55
寶莉,POLLY,輕度,975,23,200,---,17,1992-08-27 11:40,1992-08-31 09:40
歐馬,OMAR,中度,945,40,200,100,11,1992-09-03 08:50,1992-09-05 17:45
馬克,MARK,輕度,988,20,100,---,13,1992-08-16 16:40,1992-08-19 15:10
芭比,BOBBIE,中度,948,48,200,100,10,1992-06-26 15:30,1992-06-28 21:10
席斯,SETH,中度,920,33,250,100,8,1991-11-12 21:45,1991-11-14 15:00
露絲,RUTH,強烈,910,58,350,150,17,1991-10-26 09:50,1991-10-30 09:30
耐特,NAT,強烈,945,51,200,80,11,1991-09-22 10:45,1991-09-24 18:30
耐特,NAT,輕度,945,30,150,50,9,1991-09-30 10:45,1991-10-02 06:30
密瑞兒,MIREILLE,強烈,925,53,300,150,9,1991-09-25 08:30,1991-09-27 06:30
愛麗,ELLIE,中度,965,33,150,50,12,1991-08-16 03:30,1991-08-18 20:10
布籃登,BRENDAN,中度,978,33,250,100,6,1991-07-22 16:10,1991-07-23 18:30
艾美,AMY,強烈,950,51,300,180,10,1991-07-17 16:00,1991-07-19 21:10
艾德,ED,中度,960,33,200,50,6,1990-09-14 02:40,1990-09-15 10:00
黛特,DOT,中度,960,38,350,100,11,1990-09-06 09:50,1990-09-08 21:10
蓓琪,BECKY,輕度,970,30,250,80,6,1990-08-26 04:40,1990-08-27 09:20
亞伯,ABE,中度,955,45,250,120,9,1990-08-29 09:20,1990-08-31 09:10
楊希,YANCY,中度,960,40,200,100,14,1990-08-17 09:50,1990-08-20 15:30
蘿繽,ROBYN,輕度,990,20,150,---,7,1990-07-09 10:40,1990-07-10 21:00
波西,PERCY,強烈,950,51,250,120,16,1990-06-26 16:00,1990-06-30 09:00
歐菲莉,OFELIA,中度,968,38,200,100,13,1990-06-21 16:00,1990-06-24 15:10
瑪麗安,MARIAN,中度,960,40,250,100,6,1990-05-18 09:30,1990-05-19 14:50
安吉菈,ANGELA,強烈,930,67,250,120,9,1989-10-05 09:30,1989-10-07 09:40
薇拉,VERA,輕度,985,25,200,---,6,1989-09-14 15:40,1989-09-15 20:30
莎拉,SARAH,強烈,952,51,300,150,23,1989-09-08 09:50,1989-09-13 20:30
羅拉,LOLA,輕度,980,28,250,---,11,1989-07-31 21:30,1989-08-03 09:10
賀璞,HOPE,輕度,990,25,150,---,6,1989-07-18 09:20,1989-07-19 15:00
戈登,GORDON,強烈,920,65,300,150,11,1989-07-15 09:35,1989-07-17 21:20
白蘭黛,BRENDA,中度,970,35,200,80,9,1989-05-18 15:00,1989-05-20 14:35
魯碧,RUBY,中度,916,48,300,150,8,1988-10-25 16:00,1988-10-27 09:15
派特,PAT,中度,968,38,200,50,8,1988-10-19 15:50,1988-10-21 09:00
歐黛莎,ODESSA,輕度,954,25,150,---,7,1988-10-12 15:50,1988-10-14 03:40
尼爾森,NELSON,強烈,898,63,300,120,10,1988-10-03 21:15,1988-10-06 03:40
李尹,LEE,輕度,984,28,150,50,5,1988-09-23 09:50,1988-09-24 09:45
克蒂,KIT,輕度,984,28,150,50,5,1988-09-21 10:15,1988-09-22 09:05
華倫,WARREN,強烈,927,55,250,120,11,1988-07-17 08:45,1988-07-19 21:00
蘇珊,SUSAN,中度,963,40,150,50,9,1988-05-31 21:15,1988-06-02 20:55
琳恩,LYNN,強烈,898,53,400,150,20,1987-10-22 16:05,1987-10-27 09:50
傑魯得,GERALD,強烈,937,51,300,150,15,1987-09-07 16:10,1987-09-11 03:55
黛納,DINAH,強烈,910,62,400,200,12,1987-08-27 15:15,1987-08-30 08:30
凱瑞,CARY,中度,968,38,200,80,16,1987-08-15 09:40,1987-08-19 03:20
亞力士,ALEX,中度,976,35,250,100,10,1987-07-25 15:10,1987-07-27 21:35
費南,VERNON,中度,981,33,200,120,11,1987-07-19 15:15,1987-07-22 04:25
賽洛瑪,THELMA,強烈,911,60,350,150,16,1987-07-11 10:00,1987-07-15 04:10
艾倫,ELLEN,中度,970,40,250,80,14,1986-10-14 14:50,1986-10-17 20:35
艾貝,ABBY,強烈,943,51,400,200,18,1986-09-16 09:50,1986-09-20 15:25
韋恩,WAYNE,中度,951,38,200,100,12,1986-08-20 20:50,1986-08-23 15:15
韋恩,WAYNE,輕度,951,28,120,---,4,1986-08-24 08:10,1986-08-25 04:35
韋恩,WAYNE,中度,951,40,150,50,26,1986-08-28 15:25,1986-09-03 20:35
薇拉,VERA,中度,923,45,400,200,10,1986-08-25 09:55,1986-08-27 15:58
莎拉,SARAH,輕度,986,23,150,---,9,1986-08-01 09:20,1986-08-03 09:50
佩姬,PEGGY,強烈,900,70,400,200,18,1986-07-07 09:00,1986-07-11 15:15
南施,NANCY,中度,955,38,200,50,9,1986-06-22 15:25,1986-06-24 15:00
白蘭黛,BRENDA,中度,964,45,300,150,11,1985-10-02 16:05,1985-10-05 04:00
衛奧,VAL,輕度,992,25,150,---,11,1985-09-15 16:00,1985-09-17 21:15
蒂絲,TESS,中度,967,33,200,50,7,1985-09-03 16:00,1985-09-05 04:00
派特,PAT,中度,961,35,250,100,12,1985-08-27 15:30,1985-08-30 09:40
尼爾森,NELSON,中度,961,48,300,120,15,1985-08-20 15:30,1985-08-24 04:35
傑夫,JEFF,中度,967,35,200,80,11,1985-07-28 09:00,1985-07-30 20:50
海爾,HAL,中度,955,48,350,250,12,1985-06-21 09:50,1985-06-24 04:00
比爾,BILL,強烈,910,51,200,100,6,1984-11-17 15:00,1984-11-18 21:00
裘恩,JUNE,輕度,983,32,250,---,11,1984-08-28 16:10,1984-08-31 04:00
郝麗,HOLLY,中度,964,35,350,200,10,1984-08-17 15:00,1984-08-19 21:30
傑魯得,GERALD,輕度,985,28,180,---,12,1984-08-16 15:00,1984-08-19 09:50
芙瑞達,FREDA,輕度,982,25,200,---,8,1984-08-06 15:10,1984-08-08 09:40
亞力士,ALEX,中度,980,35,150,80,8,1984-07-02 21:00,1984-07-04 09:00
魏恩,WYNNE,輕度,982,28,150,---,13,1984-06-21 14:45,1984-06-24 14:25
佛瑞特,FORREST,強烈,883,65,400,200,14,1983-09-23 21:10,1983-09-27 04:30
艾倫,ELLEN,強烈,928,63,250,120,11,1983-09-05 21:00,1983-09-08 09:10
艾貝,ABBY,強烈,888,67,400,200,15,1983-08-09 16:00,1983-08-13 04:30
韋恩,WAYNE,強烈,920,63,250,120,10,1983-07-23 15:30,1983-07-25 20:50
南施,NANCY,強烈,933,58,200,100,6,1982-10-14 08:50,1982-10-15 14:40
肯恩,KEN,強烈,936,55,250,120,18,1982-09-18 15:20,1982-09-22 20:10
費依,FAYE,輕度,961,25,100,---,6,1982-08-26 03:15,1982-08-27 08:55
黛特,DOT,中度,966,33,200,100,11,1982-08-13 09:40,1982-08-15 20:30
西仕,CECIL,強烈,920,55,220,140,20,1982-08-06 10:10,1982-08-10 21:30
安迪,ANDY,強烈,915,60,300,100,16,1982-07-26 15:40,1982-07-30 09:10
蒂絲,TESS,輕度,990,18,100,---,4,1982-07-01 15:30,1982-07-02 09:20
伊瑪,IRMA,輕度,902,28,200,---,7,1981-11-25 09:45,1981-11-26 21:15
蓋依,GAY,中度,947,45,300,100,4,1981-10-20 14:00,1981-10-21 09:00
葛萊拉,CLARA,強烈,924,58,250,100,12,1981-09-19 09:45,1981-09-22 04:00
艾妮絲,AGNES,中度,947,47,300,120,9,1981-08-29 16:00,1981-08-31 15:00
莫瑞,MAURY,輕度,985,30,180,30,8,1981-07-18 15:50,1981-07-20 08:15
裘恩,JUNE,中度,965,38,250,60,12,1981-06-18 15:10,1981-06-21 10:00
艾克,IKE,輕度,967,30,150,30,8,1981-06-12 15:00,1981-06-14 04:45
貝蒂,BETTY,輕度,928,23,150,---,5,1980-11-06 04:40,1980-11-07 04:00
魏恩,WYNNE,強烈,890,65,300,100,11,1980-10-10 15:30,1980-10-13 04:00
珀西,PERCY,強烈,919,60,250,100,15,1980-09-15 15:00,1980-09-19 03:00
諾瑞斯,NORRIS,中度,950,43,250,60,9,1980-08-26 15:30,1980-08-28 14:30
開梅,KIM,中度,908,45,250,100,10,1980-07-25 10:00,1980-07-27 14:30
艾達,IDA,輕度,980,30,200,40,13,1980-07-08 14:30,1980-07-11 15:15
喬琪亞,GEORGIA,輕度,985,28,150,50,7,1980-05-23 15:30,1980-05-25 04:45
狄普,TIP,強烈,870,58,450,200,13,1979-10-15 16:00,1979-10-18 14:10
奧文,OWEN,強烈,920,53,300,120,7,1979-09-25 21:00,1979-09-27 09:30
茱迪,JUDY,強烈,910,58,250,100,10,1979-08-22 05:00,1979-08-24 10:00
歐敏,IRVING,中度,955,40,400,120,15,1979-08-12 15:00,1979-08-16 05:40
賀璞,HOPE,強烈,895,67,300,110,9,1979-07-31 16:15,1979-08-02 15:05
戈登,GORDON,輕度,970,28,200,50,9,1979-07-27 10:10,1979-07-29 09:20
艾勒士,ELLIS,中度,950,45,250,100,8,1979-07-03 16:45,1979-07-05 09:30
婀拉,ORA,中度,940,40,200,70,12,1978-10-11 15:30,1978-10-14 09:00
黛拉,DELLA,輕度,985,20,150,---,5,1978-08-12 15:40,1978-08-13 15:00
卡門,CARMEN,中度,965,38,200,100,6,1978-08-15 08:30,1978-08-16 15:00
范迪,WENDY,中度,960,40,400,150,13,1978-07-27 06:30,1978-07-30 10:00
羅絲,ROSE,輕度,993,20,150,---,7,1978-06-23 15:00,1978-06-25 05:00
歐莉芙,OLIVE,中度,955,43,200,80,7,1978-04-24 14:45,1978-04-26 04:00
芙瑞達,FREDA,輕度,980,28,200,50,3,1977-09-24 04:10,1977-09-24 15:00
黛納,DINAH,中度,965,35,250,50,8,1977-09-15 10:30,1977-09-17 05:00
黛納,DINAH,中度,965,33,250,50,17,1977-09-18 16:00,1977-09-22 15:40
寶佩,BABE,強烈,910,65,350,150,9,1977-09-07 16:00,1977-09-09 15:30
愛美,AMY,輕度,985,21,150,---,17,1977-08-18 22:00,1977-08-22 21:00
薇拉,VERA,強烈,930,55,200,50,16,1977-07-28 21:30,1977-08-01 16:00
賽洛瑪,THELMA,中度,950,40,250,70,13,1977-07-22 22:00,1977-07-25 21:30
魯絲,RUTH,輕度,980,30,150,50,8,1977-06-15 16:30,1977-06-17 08:30
瑪芝,MARGE,中度,975,33,100,30,8,1976-11-08 16:00,1976-11-10 09:30
魯依絲,LOUISE,強烈,895,68,300,100,10,1976-11-03 16:00,1976-11-05 21:50
艾瑞絲,IRIS,中度,975,35,200,50,8,1976-09-16 10:30,1976-09-18 05:00
芙安,FRAN,強烈,910,68,400,100,9,1976-09-07 16:00,1976-09-09 15:00
戴特,DOT,輕度,990,23,150,---,6,1976-08-20 05:30,1976-08-21 09:30
畢莉,BILLIE,強烈,910,55,300,150,8,1976-08-08 21:30,1976-08-10 15:00
魯碧,RUBY,中度,935,33,180,30,12,1976-06-27 16:30,1976-06-30 10:30
芙勞西,FLOSSIE,輕度,970,30,200,70,3,1975-10-21 21:15,1975-10-22 15:06
艾爾西,ELSIE,強烈,990,70,200,50,10,1975-10-11 09:30,1975-10-13 20:30
貝蒂,BETTY,中度,950,45,250,100,11,1975-09-21 09:30,1975-09-23 21:30
婀拉,ORA,中度,970,35,250,50,8,1975-08-10 17:00,1975-08-12 16:00
妮娜,NINA,強烈,900,65,250,90,8,1975-08-02 09:00,1975-08-04 05:00
葛樂禮,GLORIA,強烈,930,55,300,100,12,1974-11-05 21:30,1974-11-09 05:30
艾琳,ELAINE,強烈,940,51,300,80,4,1974-10-27 21:30,1974-10-29 09:40
黛拉,DELLA,中度,960,40,150,50,4,1974-10-23 10:40,1974-10-24 15:40
貝絲,BESS,中度,970,38,300,150,5,1974-10-10 22:30,1974-10-12 22:00
范迪,WENDY,輕度,980,30,150,30,12,1974-09-26 16:30,1974-09-29 10:30
露西,LUCY,輕度,994,20,120,---,5,1974-08-09 22:40,1974-08-10 22:30
琴恩,JEAN,輕度,995,25,80,---,6,1974-07-18 16:50,1974-07-19 22:00
鶯瑪,EMMA,輕度,985,28,150,---,5,1974-06-15 22:30,1974-06-17 15:30
白西,PATSY,強烈,890,65,300,100,4,1973-10-11 10:30,1973-10-12 15:30
娜拉,NORA,強烈,875,63,350,150,12,1973-10-07 22:30,1973-10-10 15:00
瓊安,JOAN,輕度,990,23,150,---,5,1973-08-19 21:00,1973-08-20 22:00
芙安,FRAN,輕度,1000,18,90,---,3,1973-07-29 16:00,1973-07-30 14:30
畢莉,BILLIE,強烈,920,60,220,100,14,1973-07-13 15:30,1973-07-17 09:40
魏達,WILDA,輕度,980,28,200,---,6,1973-07-02 10:30,1973-07-03 22:00
貝蒂,BETTY,強烈,910,65,400,300,11,1972-08-14 21:30,1972-08-17 14:30
溫妮,WINNIE,輕度,990,18,60,---,4,1972-08-01 08:00,1972-08-02 06:00
蘇珊,SUSAN,中度,980,35,250,---,7,1972-07-11 14:10,1972-07-13 10:40
莉泰,RITA,中度,910,33,250,100,9,1972-07-22 11:00,1972-07-24 10:20
貝絲,BESS,強烈,905,65,300,200,10,1971-09-20 21:30,1971-09-23 10:30
艾妮絲,AGNES,中度,975,33,200,---,10,1971-09-17 10:10,1971-09-19 15:30
娜定,NADINE,強烈,900,70,350,200,11,1971-07-24 10:20,1971-07-26 21:00
露西,LUCY,強烈,915,55,350,150,11,1971-07-18 22:30,1971-07-21 22:30
寶佩,BABE,輕度,990,25,---,---,3,1971-05-05 10:30,1971-05-06 10:30
芙安,FRAN,輕度,975,25,200,---,6,1970-09-06 10:40,1970-09-07 16:00
魏達,WILDA,中度,940,40,300,---,5,1970-08-10 10:30,1970-08-12 10:20
歐加,OLGA,強烈,904,55,200,---,8,1970-07-01 10:30,1970-07-03 21:30
芙勞西,FLOSSIE,中度,946,33,200,---,14,1969-09-30 22:00,1969-10-03 22:30
艾爾西,ELSIE,強烈,895,65,400,---,9,1969-09-25 16:00,1969-09-27 15:40
寇拉,CORA,中度,934,40,250,---,5,1969-08-18 10:20,1969-08-19 15:20
貝蒂,BETTY,中度,973,35,150,---,7,1969-08-07 09:40,1969-08-08 21:20
溫妮,WINNIE,輕度,984,25,100,---,3,1969-07-31 10:20,1969-08-01 10:10
衛歐拉,VIOLA,強烈,895,60,350,---,12,1969-07-25 10:20,1969-07-28 21:20
艾琳,ELAINE,強烈,910,60,400,---,16,1968-09-27 10:20,1968-10-01 10:20
黛拉,DELLA,強烈,930,51,250,---,4,1968-09-21 16:30,1968-09-22 21:30
范迪,WENDY,中度,915,45,300,---,19,1968-09-02 22:00,1968-09-07 22:00
雪莉,SHIRLEY,輕度,955,30,250,---,6,1968-08-18 21:40,1968-08-21 10:00
玻莉,POLLY,輕度,965,30,150,---,4,1968-08-14 10:00,1968-08-15 21:20
羅絲,ROSE,輕度,968,30,200,---,4,1968-08-10 11:00,1968-08-11 21:20
娜定,NADINE,輕度,960,25,200,---,14,1968-07-22 22:00,1968-07-26 22:10
娜定,NADINE,輕度,960,25,100,---,3,1968-07-28 12:30,1968-07-28 21:50
吉達,GILDA,強烈,910,60,400,---,12,1967-11-15 22:10,1967-11-18 21:40
黛納,DINAH,中度,950,45,350,---,7,1967-10-24 22:40,1967-10-26 16:00
解拉,CARLA,強烈,900,60,400,---,11,1967-10-15 22:30,1967-10-18 22:00
娜拉,NORA,中度,982,33,200,---,11,1967-08-28 22:40,1967-08-30 10:20
瑪芝,MARGE,強烈,935,60,200,---,11,1967-08-26 22:20,1967-08-30 10:20
葛萊拉,CLARA,中度,960,40,200,---,11,1967-07-09 10:30,1967-07-12 09:10
畢莉,BILLIE,中度,980,35,200,---,6,1967-07-04 22:30,1967-07-07 10:20
艾妮達,ANITA,中度,972,35,250,---,9,1967-06-27 23:20,1967-06-30 10:30
衛萊特,VIOLET,強烈,930,51,250,---,12,1967-04-07 10:40,1967-04-11 16:20
海倫,HELEN,輕度,978,25,200,---,6,1966-09-20 16:00,1966-09-22 15:40
艾爾西,ELSIE,強烈,943,51,200,---,6,1966-09-14 15:50,1966-09-17 05:00
寇拉,CORA,強烈,917,60,200,---,15,1966-09-03 22:20,1966-09-07 10:30
艾麗絲,ALICE,中度,936,40,150,---,7,1966-09-01 22:30,1966-09-03 21:55
蒂絲,TESS,中度,965,38,200,---,10,1966-08-14 16:50,1966-08-17 10:00
蘇珊,SUSAN,中度,985,35,100,---,10,1966-08-14 16:50,1966-08-17 10:00
妮娜,NINA,中度,995,35,150,---,7,1966-07-18 09:00,1966-07-19 15:30
瑪美,MAMIE,中度,993,35,100,---,3,1966-07-16 15:40,1966-07-17 10:00
裘迪,JUDY,中度,970,40,150,---,12,1966-05-28 10:30,1966-05-31 10:00
伊瑪,IRMA,中度,960,40,150,---,4,1966-05-19 22:10,1966-05-21 10:10
費依,FAYE,強烈,930,65,---,---,3,1965-11-23 23:00,1965-11-24 22:30
崔絲,TRIX,強烈,930,60,---,---,4,1965-09-14 23:00,1965-09-16 10:00
羅絲,ROSE,中度,990,45,---,---,5,1965-09-01 23:00,1965-09-03 22:00
瑪麗,MARY,強烈,950,75,---,---,9,1965-08-17 10:00,1965-08-19 21:50
琴恩,JEAN,強烈,950,55,250,---,7,1965-08-01 22:20,1965-08-04 21:45
艾葳,IVY,中度,990,35,200,---,4,1965-07-28 22:35,1965-07-30 09:45
哈莉,HARRIET,強烈,970,51,300,---,11,1965-07-24 22:50,1965-07-27 09:40
芙瑞達,FREDA,強烈,922,70,300,---,6,1965-07-12 16:30,1965-07-14 10:45
鶯瑪,EMMA,輕度,990,30,120,---,8,1965-06-23 23:00,1965-06-25 22:00
黛納,DINAH,強烈,932,65,200,---,12,1965-06-16 10:15,1965-06-19 10:15
寶佩,BABE,中度,990,33,150,---,2,1965-06-04 09:30,1965-06-04 22:10
歐珀,OPAL,強烈,920,75,450,---,3,1964-12-14 10:00,1964-12-15 10:20
戴特,DOT,中度,972,35,150,---,3,1964-10-09 16:30,1964-10-10 10:20
蒂達,TILDA,中度,970,45,150,---,8,1964-09-14 10:40,1964-09-15 22:00
沙莉,SALLY,強烈,885,75,300,---,12,1964-09-07 16:20,1964-09-10 10:40
魯碧,RUBY,中度,970,35,150,---,7,1964-09-02 11:10,1964-09-04 10:20
梅瑞,MARIE,中度,980,35,200,---,13,1964-08-16 23:00,1964-08-20 10:00
凱西,KATHY,強烈,945,55,250,---,13,1964-08-16 23:00,1964-08-20 10:00
裘恩,JUNE,輕度,996,20,120,---,4,1964-08-11 23:30,1964-08-13 10:30
艾達,IDA,強烈,925,65,300,---,8,1964-08-05 22:30,1964-08-08 10:10
芙勞西,FLOSSIE,輕度,975,30,150,---,3,1964-07-26 22:20,1964-07-27 16:45
都麗絲,DORIS,中度,980,40,200,---,7,1964-07-13 22:30,1964-07-15 16:00
貝蒂,BETTY,中度,958,45,200,---,10,1964-07-03 06:00,1964-07-05 11:00
溫妮,WINNIE,中度,950,45,350,---,4,1964-06-28 22:40,1964-06-30 10:20
衛歐拉,VIOLA,中度,980,33,250,---,4,1964-05-26 16:20,1964-05-27 22:10
葛樂禮,GLORIA,強烈,920,68,400,---,15,1963-09-08 11:00,1963-09-12 10:30
費依,FAYE,強烈,960,51,300,---,8,1963-09-03 22:00,1963-09-05 22:10
艾妮絲,AGNES,中度,995,43,200,---,8,1963-07-19 10:10,1963-07-21 16:00
范迪,WENDY,強烈,930,65,300,---,11,1963-07-14 10:50,1963-07-17 09:40
崔絲,TRIX,中度,985,33,300,---,16,1963-06-27 22:30,1963-07-01 22:10
雪莉,SHIRLEY,強烈,935,60,300,---,7,1963-06-16 11:00,1963-06-18 23:00
羅絲,ROSE,輕度,995,25,150,---,8,1963-06-08 16:30,1963-06-11 22:40
凱倫,KAREN,強烈,---,70,400,---,7,1962-11-13 22:25,1962-11-15 21:55
吉達,GILDA,強烈,---,53,350,---,5,1962-10-25 22:20,1962-10-27 21:50
黛納,DINAH,強烈,950,51,350,---,12,1962-10-01 07:30,1962-10-03 22:00
愛美,AMY,強烈,910,70,400,---,19,1962-09-01 16:15,1962-09-06 09:45
萬達,WANDA,中度,945,48,350,---,11,1962-08-28 22:30,1962-08-31 21:40
莎拉,SARAH,強烈,---,55,150,---,16,1962-08-15 20:00,1962-08-19 10:00
歐珀,OPAL,強烈,905,75,350,---,12,1962-08-03 10:00,1962-08-06 22:00
娜拉,NORA,中度,---,35,400,---,10,1962-07-29 10:15,1962-08-01 15:40
魯依絲,LOUISE,---,---,48,250,---,---,1962-07-19 17:00,1962-07-23 21:50
凱蒂,KATE,中度,965,38,200,---,18,1962-07-19 17:00,1962-07-23 21:50
瓊安,JOAN,中度,---,40,200,---,5,1962-07-07 22:30,1962-07-09 22:00
艾瑞絲,IRIS,中度,---,33,100,---,4,1962-05-28 07:30,1962-05-29 10:00
賀普,HOPE,中度,---,33,200,---,6,1962-05-19 10:00,1962-05-20 15:25
蒂達,TILDA,強烈,925,65,400,---,11,1961-10-01 22:00,1961-10-04 10:00
沙莉,SALLY,中度,980,40,300,---,10,1961-09-26 22:30,1961-09-29 11:00
魯碧,RUBY,---,998,28,80,---,---,1961-09-26 22:30,1961-09-29 11:00
波密拉,PAMELA,強烈,915,65,250,---,7,1961-09-11 10:00,1961-09-12 22:00
歐加,OLGA,---,985,36,150,---,---,1961-08-23 22:30,1961-08-26 10:30
南施,NANCY,強烈,846,100,650,---,7,1961-09-13 11:30,1961-09-15 10:30
梅瑞,MARIE,---,998,23,120,---,---,1961-08-04 23:00,1961-08-08 11:30
勞娜,LORNA,強烈,947,60,300,---,9,1961-08-23 22:30,1961-08-26 10:30
裘恩,JUNE,中度,960,50,150,---,12,1961-08-04 23:00,1961-08-08 11:30
海倫,HELEN,---,972,51,200,---,---,1961-07-13 00:30,1961-07-15 10:00
葛瑞絲,GRACE,---,998,21,80,---,---,1961-06-30 11:00,1961-07-01 12:00
芙勞西,FLOSSIE,輕度,992,20,150,---,6,1961-07-16 23:30,1961-07-19 11:00
艾爾西,ELSIE,中度,975,45,150,---,9,1961-07-13 00:30,1961-07-15 10:00
都麗絲,DORIS,輕度,990,20,150,---,5,1961-06-30 11:00,1961-07-01 23:00
貝蒂,BETTY,強烈,945,60,300,---,13,1961-05-24 18:00,1961-05-27 22:00
艾麗絲,ALICE,中度,985,40,250,---,4,1961-05-19 10:30,1961-05-20 23:00
葛樂禮,GLORIA,輕度,1002,18,100,---,3,1960-09-02 13:00,1960-09-03 12:00
艾琳,ELAINE,中度,975,40,150,---,18,1960-08-20 18:00,1960-08-24 23:00
卡門,CARMEN,中度,975,35,200,---,10,1960-08-16 00:00,1960-08-20 18:00
艾妮絲,AGNES,輕度,994,25,200,---,6,1960-08-13 13:00,1960-08-15 12:00
佛琴尼,VIRGINI,---,---,---,---,---,---,1960-08-13 13:00,1960-08-15 12:00
崔絲,TRIX,強烈,930,60,300,---,9,1960-08-07 00:00,1960-08-09 11:00
雪莉,SHIRLEY,強烈,920,55,250,---,15,1960-07-30 00:00,1960-08-02 17:00
羅絲,ROSE,---,---,---,---,---,---,1960-07-30 00:00,1960-08-02 17:00
玻莉,POLLY,中度,950,40,250,---,12,1960-07-18 13:00,1960-07-21 10:00
玻莉,POLLY,強烈,950,55,300,---,13,1960-07-22 00:00,1960-07-27 10:00
歐莉芙,OLIVE,中度,950,45,200,---,9,1960-06-26 00:00,1960-06-30 00:00
娜定,NADINE,中度,985,35,250,---,4,1960-06-05 00:00,1960-06-06 13:00
瑪麗,MARY,中度,980,35,300,---,11,1960-06-07 01:00,1960-06-11 12:00
凱倫,KAREN,輕度,990,25,150,---,4,1960-04-25 18:00,1960-04-27 00:00
芙瑞達,FREDA,中度,945,40,250,---,9,1959-11-17 12:00,1959-11-19 23:00
鶯瑪,EMMA,中度,960,45,250,---,6,1959-11-10 23:00,1959-11-13 12:00
夏綠蒂,CHARLOTTE,強烈,905,55,250,---,15,1959-10-12 11:00,1959-10-16 23:00
巴布絲,BABS,輕度,1000,18,150,---,9,1959-10-08 00:00,1959-10-09 22:00
愛美,AMY,中度,990,35,250,---,8,1959-10-03 18:00,1959-10-06 12:00
莎拉,SARAH,強烈,905,60,400,---,11,1959-09-14 00:00,1959-09-16 23:00
娜拉,NORA,輕度,990,18,150,---,5,1959-09-08 00:00,1959-09-09 18:00
娜拉,NORA,輕度,990,25,200,---,4,1959-09-11 09:00,1959-09-12 12:00
魯依絲,LOUISE,中度,965,45,250,---,12,1959-09-02 01:00,1959-09-05 12:00
凱蒂,KATE,輕度,998,20,150,---,4,1959-08-26 18:00,1959-08-28 12:00
瓊安,JOAN,強烈,885,75,600,---,13,1959-08-28 12:00,1959-08-31 12:00
艾瑞絲,IRIS,中度,960,45,250,---,12,1959-08-20 18:00,1959-08-23 12:00
艾倫,ELLEN,中度,965,45,300,---,6,1959-08-04 00:00,1959-08-06 00:00
畢莉,BILLIE,中度,965,45,300,---,11,1959-07-13 00:00,1959-07-16 18:00
魏達,WILDA,輕度,995,25,150,---,4,1959-07-04 23:00,1959-07-06 12:00
海倫,HELEN,強烈,920,55,300,---,8,1958-09-12 00:00,1958-09-15 12:00
葛瑞絲,GRACE,強烈,910,75,350,---,13,1958-09-01 12:00,1958-09-04 23:00
貝蒂,BETTY,---,985,---,---,---,---,1958-07-13 12:00,1958-07-16 12:00
溫妮,WINNIE,強烈,925,50,350,---,12,1958-07-13 12:00,1958-07-17 00:00
蒂絲,TESS,中度,995,30,150,---,3,1958-07-05 00:00,1958-07-06 00:00
